"%s coupon code is not valid.","%s couponcode is niet geldig."
"%s","%s"
"%s / %s rate:","%s / %s tarief:"
"%s for %s","%s voor %s"
"%s order(s) cannot be canceled","%s bestelling(en) kunnen niet worden geannuleerd"
"%s order(s) have been canceled.","%s bestelling(en) zijn geannuleerd."
"%s order(s) have been put on hold.","%s bestelling(en) zijn in de wachtstand gezet."
"%s order(s) have been released from holding status.","%s bestelling(en) zijn vrijgelaten uit de wachtstand."
"%s order(s) were not put on hold.","%s bestelling(en) zijn niet in de wacht gezet."
"%s order(s) were not released from holding status.","%s bestelling(en) zijn niet vrijgelaten uit de wachtstand."
"* - Enter custom price excluding tax","* - Vul aangepaste prijs exclusief BTW in"
"* - Enter custom price including tax","* - Vul aangepaste prijs inclusief BTW in"
"-- Please Select --","-- Selecteer --"
"-- Please Select Billing Agreement--","- Selecteer Facturerings overeenkomst -"
"About This Order:","Over deze bestelling:"
"About This Profile:","Over dit profiel:"
"About Your Order","Over uw bestelling"
"Accept Payment","Accepteer Betaling"
"Accept or Deny Payment","Accepteer of Weiger Betaling"
"Account Information","Account Informatie"
"Action","Actie"
"Actions","Acties"
"Activate","Activeer"
"Active","Actief"
"Add","Toevoegen"
"Add Gift Messsage","Voeg boodschap toe"
"Add New Address","Nieuw adres toevoegen"
"Add Order Comments","Voeg commentaar aan bestelling toe"
"Add Products","Voeg Producten toe"
"Add Selected Product(s) to Option","Voeg gekozen product(en) aan optie toe"
"Add Selected Product(s) to Order","Voeg gekozen product(en) aan Bestelling toe"
"Add To Order","Voeg toe aan bestelling"
"Add Tracking Number","Voeg trackingnummer toe"
"Add a gift message for <strong>each gift item</strong>","Voeg een geschenk bericht in voor <strong>elk geschenk item</strong>"
"Add a gift message for the <strong>entire order</strong>","Voeg een geschenk bericht in voor de <strong>gehele bestelling</strong>"
"Add comment to order","Voeg commentaar bij Bestelling toe"
"Add new comment to shipment","Voeg nieuwe commentaar aan zending toe"
"Add new tracking number","Voeg nieuwe tracking-nummer toe"
"Add to Cart","In Winkelwagen"
"Address","Adres"
"Address model is not defined.","Adres model is niet gedefinieerd."
"Adjustment Fee","Aanpassing Fee"
"Adjustment Refund","Aanpassing Restitutie"
"Agreement Information","Overeenkomst Informatie"
"Allow Reorder","Sta opnieuw bestellen toe"
"Amount","Bedrag"
"Amount: %s.","Bedrag: %s."
"An item option with code %s already exists.","Een artikel optie met code %s bestaat reeds."
"Append Comments","Reacties bijvoegen"
"Apply","Toepassen"
"Apply Coupon Code","Pad Coupon Code toe"
"Approved the payment online.","De online betaling is goedgekeurd."
"Are you sure you want to accept this payment?","Weet u zeker dat u deze betaling wilt accepteren?"
"Are you sure you want to cancel this order?","Weet u zeker dat u deze bestelling wilt annuleren?"
"Are you sure you want to deny this payment?","Weet u zeker dat u deze betaling wilt weigeren?"
"Are you sure you want to do this?","Weet u zeker dat u dit wilt doen?"
"Are you sure you want to send Creditmemo email to customer?","Weet u zeker dat u deze Creditmemo email wilt sturen naar de klant?"
"Are you sure you want to send Invoice email to customer?","Weet u zeker dat u deze Factuur email wilt sturen naar de klant?"
"Are you sure you want to send Shipment email to customer?","Weet u zeker dat u deze Zending email wilt sturen naar de klant?"
"Are you sure you want to send order email to customer?","Weet u zeker dat u deze bestelling email wilt sturen naar de klant?"
"Are you sure you want to void the payment?","Weet u zeker dat u de betaling nietig wilt verklaren?"
"Are you sure?","Weet je het zeker?"
"Are you sure? This order will be canceled and a new one will be created instead","Weet je het zeker? Deze bestelling wordt geannuleerd en een nieuwe zal in plaats daarvan worden aangemaakt"
"At least a payment ID must be set.","Ten minste een betaling ID moet worden vastgesteld."
"Authorization","Authorisatie"
"Authorized amount of %s.","Toegestaan bedrag van %s."
"Authorizing amount of %s is pending approval on gateway.","Toegestaan bedrag van %s is in afwachting van goedkeuring op de gateway."
"Back","Terug"
"Back to Billing Agreements","Terug naar Facturerings Overeenkomsten"
"Back to My Orders","Terug naar Mijn bestellingen"
"Back to Recurring Profiles","Terug naar de Terugkerende Profielen"
"Backordered","Nabesteld"
"Bestsellers","Bestsellers"
"Bill to Name","Factuur op naam"
"Billing","Facturering"
"Billing Address","Factuuradres"
"Billing Agreement","Facturerings overeenkomst"
"Billing Agreement # %s","Facturerings overeenkomst #%s"
"Billing Agreement #%s","Facturerings overeenkomst #%s"
"Billing Agreement View","Facturerings overeenkomst View"
"Billing Agreements","Facturerings Overeenkomsten"
"Buy %s for price %s","Koop %s voor de prijs %s"
"CSV","CSV"
"Cancel","Annuleer"
"Cancel invoice","Factuur annuleren"
"Cancel order","Bestelling annuleren"
"Canceled","Geannuleerd"
"Canceled order offline.","Geannuleerde bestelling offline."
"Canceled order online.","Geannuleerde bestelling online."
"Cannot add order history.","Kan bestellings geschiedenis niet toevoegen."
"Cannot create an empty shipment.","Kan geen lege zending aanmaken."
"Cannot determine the field name.","Kan de veldnaam niet bepalen."
"Cannot do invoice for order.","Kan geen factuur maken voor de bestelling."
"Cannot do shipment for order.","Kan geen verzending doen voor de bestelling"
"Cannot get order instance","Kan bestellings instantie niet verkrijgen"
"Cannot get the order instance.","Kan bestellings instantie niet verkrijgen."
"Cannot register an existing credit memo.","Kan een bestaande creditnota niet registreren."
"Cannot register existing invoice","Kan bestaande factuur niet registreren"
"Cannot register existing shipment","Kan bestaande zending niet registreren"
"Capture","Opname"
"Capture Amount","Opname Bedrag"
"Capture Offline","Opname Offline"
"Capture Online","Opname Online"
"Capture invoice","Opname factuur"
"Captured amount of %s online.","Opgenomen bedrag van %s online."
"Capturing amount of %s is pending approval on gateway.","Opname bedrag van %s is in afwachting van goedkeuring op de gateway."
"Carrier","Vervoerder"
"Carrier/Method","Vervoerder/Methode"
"Change status, add comments","Status wijzigen, opmerkingen toevoegen"
"Checkout Totals Sort Order","Afrekenen Totalen Sorteervolgorde"
"Click to change shipping method","Klik om verzendmethode te veranderen"
"Close","Sluiten"
"Closed","Gesloten"
"Comma-separated.","Komma-gescheiden."
"Comment","Commentaar"
"Comment Text","Commentaar Tekst"
"Comments","Reacties"
"Comments History","Reacties Geschiedenis"
"Complete","Afgehandeld"
"Country","Land"
"Coupons","Coupons"
"Create","Maak"
"Create New Customer","Nieuwe Klant aanmaken"
"Create New Order","Nieuwe Bestelling aanmaken"
"Create New Order for %s","Nieuwe titel voor %s aanmaken"
"Create New Order for %s in %s","Nieuwe titel voor %s in %s aanmaken"
"Create New Order for New Customer","Nieuwe bestelling voor een nieuwe klant aanmaken"
"Create New Order for New Customer in %s","Nieuwe Bestelling voor nieuwe klant in %s aanmaken"
"Create Shipment","Zending maken"
"Create new invoice for order","Maak een nieuwe factuur aan voor de bestelling"
"Create new shipment for order","Maak een nieuwe zending aan voor orde"
"Create...","Maak ..."
"Created At","Gemaakt op"
"Created billing agreement #%s.","Facturering overeenkomst #%s gemaakt."
"Created:","Gemaakt op:"
"Credit Memo","Creditnota"
"Credit Memo #","Creditnota #"
"Credit Memo #","Creditnota #"
"Credit Memo #%1$s | %3$s | %2$s (%4$s)","Creditnota #%1$s|%3$s|%2$s (%4$s)"
"Credit Memo Comment Email Sender","Creditnota Reactie E-mail afzender"
"Credit Memo Comment Email Template","Creditnota Reactie E-mail Template"
"Credit Memo Comment Email Template for Guest","Creditnota Reactie E-mail Template voor Gast"
"Credit Memo Comments","Creditnota Reacties"
"Credit Memo Email Sender","Creditnota Email Sender"
"Credit Memo Email Template","Creditnota E-mail Template"
"Credit Memo Email Template for Guest","Creditnota E-mail Template voor Gast"
"Credit Memo Update","Creditnota Update"
"Credit Memo Update for Guest","Creditnota Update voor Gast"
"Credit Memos","Creditnota's"
"Creditmemo","Creditnota"
"Custom Options","Aangepaste Opties"
"Custom Price","Aangepaste Prijs"
"Custom Value","Aangepast Waarde"
"Customer","Klant"
"Customer Can Define Start Date","Klant kan Definieer Startdatum"
"Customer Email","Klant E-mail"
"Customer Group","Klantgroep"
"Customer Last Name","Klant Achternaam"
"Customer My Account Order Creditmemo View","Klant Mijn Account Bestelling Creditnota View"
"Customer My Account Order History","Klant Mijn Account Bestel Geschiedenis"
"Customer My Account Order Invoice View","Klant Mijn Account Bestelling Factuur View"
"Customer My Account Order Shipment View","Klant Mijn Account Bestelling Zending View"
"Customer My Account Order View","Klant Mijn Account Bestelling View"
"Customer Name","Naam van de klant"
"Customer\'s Current Activities","Klant's huidige activiteiten"
"Date","Datum"
"Date Shipped","Datum Verzonden"
"Date of Birth","Geboortedatum"
"Default logo, will be used in PDF and HTML documents.<br />(jpeg, tiff, png)","Standaard logo zal gebruikt worden in PDF-en HTML-documenten. <br/> (Jpeg, tiff, png)"
"Delete","Verwijderen"
"Denied the payment online.","Betaling online geweigerd."
"Deny Payment","Betaling Weigeren"
"Description Message","Omschrijving bericht"
"Discount","Korting"
"Discount (%s)","%s"
"Discount Amount","Korting Bedrag"
"Display Order ID in Header","Toon Order id in Header"
"Edit","Aanpassen"
"Edit Gift Messsage","Geschenk bericht aanpassen"
"Edit Order","Bestelling aanpassen"
"Edit Order #%s","Bestelling #%s aanpassen"
"Email","E-mail"
"Email Copy of Credit Memo","E-mail Kopie van creditnota"
"Email Copy of Invoice","E-mail Kopie van Factuur"
"Email Copy of Shipment","E-mail Kopie van Zending"
"Email Order Confirmation","E-mail Bestellingsbevestiging"
"Enable","Inschakelen"
"Enabled","Ingeschakeld"
"Error to Show in Shopping Cart","Fout om in winkelwagen te tonen"
"Excel","Excel"
"Excl. Tax","Excl. BTW"
"Expired","Verlopen"
"Failed to cancel the billing agreement.","Mislukt om de factureringsovereenkomst te ontbinden."
"Failed to create billing agreement for this order.","Mislukt om de factureringsovereenkomst voor deze bestelling aan te maken."
"Failed to finish billing agreement wizard.","Mislukt om de factureringsovereenkomst wizard te voltooien."
"Failed to send the order email.","Mislukt om de bestelling e-mail te sturen."
"Failed to start billing agreement wizard.","Mislukt om de factureringsovereenkomst wizard te starten."
"Failed to update the payment.","Mislukt om de betaling bij te werken."
"Failed to update the profile.","Mislukt om het profiel bij te werken."
"Failed to void the payment.","Mislukt om de betaling nietig te verklaren."
"Fetch","Ophalen"
"From","Van"
"From Name","Van Naam"
"From:","Van:"
"G.T. (Base)","G.T. (Basis)"
"G.T. (Purchased)","G.T. (Gekocht)"
"General Information","Algemene informatie"
"Get Payment Update","Ontvang Betaling Update"
"Get Update","Ontvang update"
"Get shipping methods and rates","Ontvang verzendkosten methoden en tarieven"
"Gift","Geschenk"
"Gift Message","Geschenk Bericht"
"Gift Message for This Order","Geschenk Bericht voor deze bestelling"
"Gift Message for the Entire Order","Geschenk Bericht voor de gehele bestelling"
"Gift Message for this Order","Geschenk Bericht voor deze bestelling"
"Grand Total","Totaal"
"Grand Total to be Charged","Totaal te verrekenen"
"Guest","Gast"
"Hold","Houd vast"
"Hold action is not available.","Houd vast actie is niet beschikbaar."
"Hold order","Houd bestelling vast"
"ID","ID"
"ID #","ID #"
"If empty, the default description above will be used.","Indien leeg, dan zal de standaard beschrijving hierboven worden gebruikt."
"If empty, the default error above will be used.","Indien leeg, dan zal de standaard foutmelding hierboven worden gebruikt."
"If the invoice was created offline, try creating an offline creditmemo.","Indien de factuur offline werd aangemaakt, probeer het creëren van een offline creditmemo."
"Incl. Tax","Incl. BTW"
"Information","Informatie"
"Initial Fee","Initiële Fee"
"Initial Fees","Initiële kosten '
"Initial period payment","Initiële periodieke betaling"
"Invalid block: %s.","Ongeldig blok: %s."
"Invalid carrier specified.","Ongeldige koerier opgegeven."
"Invalid draw line data. Please define"lines" array.","Ongeldig te trekken lijn data. Gelieve de"lijnen" array te definieren."
"Invalid item option format.","Ongeldige optie artikel formaat."
"Invalid qty to invoice item "%s"","Ongeldig aantal naar de factuur voor artikel "%s""
"Invalid qty to refund item "%s"","Ongeldig aantal op restitutie voor artikel "%s""
"Invalid qty to ship for item "%s"","Ongeldig aantal om te verzenden voor het artikel "%s""
"Invalid renderer model","Ongeldige renderer model"
"Invalid request for adding product to quote.","Ongeldig verzoek voor het toevoegen van product aan citaat"
"Invoice","Factuur"
"Invoice #","Factuur #"
"Invoice #","Factuur #"
"Invoice #%1$s | %2$s | %4$s (%3$s)","Factuur #%1$s |%2$s |%4$s (%3$s)"
"Invoice #%s","Factuur #%s"
"Invoice Comment Email Sender","Factuur Reactie E-mail Afzener"
"Invoice Comment Email Template","Factuur Reactie Email Template"
"Invoice Comment Email Template for Guest","Factuur Reactie Email Template voor Gast"
"Invoice Comments","Factuur Reacties"
"Invoice Date","Factuurdatum"
"Invoice Email Sender","Factuur Email Afzender"
"Invoice Email Template","Factuur E-mail Template"
"Invoice Email Template for Guest","Factuur E-mail Template voor Guest"
"Invoice Update","Factuur Update"
"Invoice Update for Guest","Factuur Update voor Gast"
"Invoice and Packing Slip Design","Factuur en pakbon Ontwerp"
"Invoice and Ship","Factuur en Verzend"
"Invoice canceling problem.","Probleem met annulerings factuur."
"Invoice cannot be canceled.","Factuur niet kan worden geannuleerd."
"Invoice cannot be captured.","Factuur niet kan worden gevangen."
"Invoice cannot be voided.","Factuur kan niet ongeldig worden verklaard."
"Invoice capturing problem.","Factuur vastleggen probleem."
"Invoice void problem","Factuur nietig verklaren probleem"
"Invoice will be created without communication with payment gateway.","Factuur zal worden aangemaakt zonder communicatie met payment gateway."
"Invoiced","Gefactureerd"
"Invoices","Facturen"
"Is Closed","Is gesloten"
"Item","Artikel"
"Item Status","Artikel Status"
"Item object is not specified.","Artikel is niet gespecificeerd."
"Item options declaration error.","Fout met gewenste artikel opties."
"Item ordered qty","Aantal bestelde artikelen"
"Item qty declaration error.","Fout met gewenst aantal."
"Items","Artikelen"
"Items Invoiced","Gefactureerde Artikelen"
"Items Ordered","Bestelde Artikelen"
"Items Refunded","Terugbetaalde Artikelen"
"Items Shipped","Verzonden artikelen"
"Items maximum quantity or price do not allow checkout.","Maximale hoeveelheid artikelen of de prijs maakt afrekenen niet mogelijk."
"Items options declaration error.","Artikelen opties aangifte fout."
"Items to Refund","Artikelen om terug te betalen"
"Items to Ship","Artikelen om te verzenden"
"Key","Sleutel"
"Last Ordered Items","Laatst bestelde artikelen"
"Link to the New Order","Link naar de Nieuwe Bestelling"
"Link to the Previous Order","Link naar de Vorige Bestelling"
"Logo for HTML Print View","Logo voor HTML Afdruk View"
"Logo for HTML documents only. If empty, default will be used.<br />(jpeg, gif, png)","Logo voor HTML-documenten. Indien leeg, zal standaard worden gebruikt. <br/>(Jpeg, gif, png)"
"Logo for PDF Print-outs (200x50)","Logo voor PDF Afdrukken (200x50)"
"Manage","Beheren"
"Maximum shipping amount allowed to refund is: %s","Maximaal verzendkosten bedrag, dat terugbetaald mag worden is: %s"
"Message","Bericht"
"Message:","Bericht:"
"Minimum Amount","Minimum Bedrag"
"Minimum Order Amount","Minimum Bestel bedrag"
"Mixed","Gemengd"
"Move to Shopping Cart","Verplaats naar winkelwagen"
"Move to Wishlist","Verplaats naar verlanglijst"
"Multi-address Description Message","Meerdere adressen omschrijving bericht"
"Multi-address Error to Show in Shopping Cart","Meerdere adressen fout om in winkelwagen te tonen "
"My Orders","Mijn Bestellingen"
"My Orders - Details","Mijn Bestellingen - Details"
"N/A","Niet beschikbaar"
"Name","Naam"
"New","Nieuw"
"New Billing Agreement","Nieuwe Factureringsovereenkomst"
"New Credit Memo","Nieuwe Creditnota"
"New Credit Memo for Guest","Nieuwe Creditnota voor Gast"
"New Invoice","Nieuwe Factuur"
"New Invoice and Shipment for Order #%s","Nieuwe Factuur en Zending voor Bestelling #%s"
"New Invoice for Guest","Nieuwe factuur voor Gast"
"New Invoice for Order #%s","Nieuwe Factuur voor Bestelling #%s"
"New Order","Nieuwe Bestelling"
"New Order Confirmation Email Sender","Nieuwe Bestelbevestiging E-mail Afzender"
"New Order Confirmation Template","Nieuwe Bestelbevestiging Template"
"New Order Confirmation Template for Guest","Nieuwe Bestelbevestiging Template voor Gast"
"New Order RSS","Nieuwe Bestelling RSS"
"New Order for Guest","Nieuwe Bestelling voor Gast"
"New Shipment","Nieuwe Zending"
"New Shipment for Guest","Nieuwe Zending voor Gast"
"New Shipment for Order #%s","Nieuwe Zending voor Bestelling #%s"
"Newsletter Subscription","Aanmelden Nieuwsbrief"
"No","Nee"
"No Items","Geen Artikelen"
"No Items To Refund","Geen artikelen om terug te betalen"
"No Payment Methods","Geen Betaalmethodes"
"No detail for number ""%s""","Geen detail voor het nummer ""%s"""
"No information available.","Geen informatie beschikbaar."
"No items","Geen artikelen"
"No order(s) were put on hold.","Geen bestelling(en) zijn in de wacht gezet."
"No order(s) were released from holding status.","Geen bestelling(en) werden vrijgegeven uit de wachtstatus."
"No ordered items","Geen bestelde artikelen"
"No shipping information available","Geen verzend informatie beschikbaar"
"No valid transaction found for this payment review.","Geen geldige transactie gevonden voor deze betaling review"
"Nominal Items","Nominale Artikelen"
"Nominal item can be purchased standalone only. To proceed please remove other items from the quote.","Nominaal artikel kan alleen apart worden gekocht. Om verder te gaan verwijdert u andere artikelen uit de quote."
"Nominal order registered.","Nominale Bestelling geregistreerd."
"Not Capture","Niet vangen"
"Not Initialized","Niet ge&iuml;nitialiseerd"
"Not Notified","Niet aangemelde"
"Not enough valid data to save the parent transaction ID.","Niet genoeg geldige gegevens om de parent transactie ID op te slaan."
"Notification Not Applicable","Aanmelding niet van toepassing"
"Notified","Aangemelde"
"Notify Customer","Licht Klant in"
"Notify Customer by Email","Licht Klant in per e-mail"
"Number","Aantal"
"Number of Invoiced Orders","Aantal Gefactureerde Bestellingen"
"Number of Orders","Aantal Bestellingen"
"Number of Refunded Orders","Aantal Terugbetaalde Bestellingen"
"Offline Refunded","Offline Terugbetaalde"
"On Hold","In de wacht"
"Online Refunded","Online Terugbetaalde"
"Order","Bestelling"
"Order #","Bestelling #"
"Order #","Bestelling #"
"Order # %s","Bestelling # %s"
"Order # %s %s | %s","Bestelling # %s %s | %s"
"Order #%s","Bestelling #%s"
"Order #%s - %s","Bestelling #%s -%s"
"Order API","Bestelling API"
"Order Comment","Bestelling Commentaar"
"Order Comment Email Sender","Bestelling Commentaar E-mail Afzender"
"Order Comment Email Template","Bestelling Commentaar E-mail Template"
"Order Comment Email Template for Guest","Bestelling Commentaar E-mail Template voor Gast"
"Order Comments","Bestelling Opmerkingen"
"Order Credit Memos","Bestelling Creditnota's"
"Order Currency:","Bestelling Valuta:"
"Order Date","Bestelling Datum"
"Order Date (%s)","Bestelling Datum (%s)"
"Order Date:","Bestelling Datum:"
"Order Date: %s","Bestelling Datum: %s"
"Order Details","Bestelling Details"
"Order Grand Total","Totaal"
"Order History","Bestelling Geschiedenis"
"Order ID","Bestelling id"
"Order Information","Bestelling Informatie"
"Order Invoices","Bestelling Facturen"
"Order Shipments","Bestelling Zendingen"
"Order Status","Bestelling Status"
"Order Subtotal","Bestelling Subtotaal"
"Order Taxes Report Grouped by Tax Rates","Bestelling BTW Verslagen Gegroepeerd per Belastingtarief"
"Order Total","Totaal"
"Order Totals","Bestelling Totalen"
"Order Update","Bestelling Update"
"Order Update for Guest","Bestelling Update voor Gast"
"Order View","Bestelling View"
"Order does not allow to be canceled.","Bestelling kan niet worden geannuleerd."
"Order invoice","Bestelling factuur"
"Order object is not specified.","Bestelling object is niet gespecificeerd."
"Order saving error: %s","Bestelling opslaan fout: %s"
"Order shipments","Bestelling zendingen"
"Order was placed using %s","Bestelling werd geplaatst met behulp van %s"
"Ordered","Bestelde"
"Orders","Bestellingen"
"Original Price","Originele prijs"
"Original order item that recurring payment profile correspondss to.","Oorspronkelijke bestelling artikel waar terugkerende betaling profiel mee overeen komt."
"PDF Credit Memos","PDF Creditnota's"
"PDF Invoices","PDF Facturen"
"PDF Packingslips","PDF Pakbonnen"
"PDF Print-outs","PDF Print-outs"
"PDF object is not specified.","PDF-object is niet gespecificeerd."
"PDF page object is not specified.","PDF-pagina object wordt niet gespecificeerd."
"PDF total model should extend Mage_Sales_Model_Order_Pdf_Total_Default","PDF totale model moet worden uitgebreid Mage_Sales_Model_Order_Pdf_Total_Default"
"Packingslip #","Pakbonnen #"
"Paid","Betaald"
"Paid Amount","Betaald bedrag"
"Parent Transaction ID","Bovenliggende transactie ID"
"Parent transaction ID must have a transaction ID.","Bovenliggende transactie-ID moet beschikken over een transactie-ID."
"Partial","Gedeeltelijke"
"Payment Failed","Betaling is mislukt"
"Payment Information","Betaling Informatie"
"Payment Method","Betaalwijze"
"Payment Method Name","Naam betaalwijze"
"Payment Method:","Betaalwijze:"
"Payment Review","Betaling Review"
"Payment disallow storing objects.","Betaling verbied het opslaan van objecten."
"Payment transactions disallow storing objects.","Betaling transacties verbieden het opslaan van objecten."
"Payment type","Betaling type"
"Payment update has been made.","Betaling update heeft plaatsgevonden."
"Pending","Bestelling ontvangen"
"Pending Payment","Betaling in afwachting"
"Period","Periode"
"Place Order Using Billing Agreements","Plaats uw bestelling door gebruik te maken van factuurovereenkomsten"
"Placed from IP","Geplaatst vanaf IP"
"Please Select Products to Add","Selecteer producten om toe te voegen"
"Please Select a Customer","Selecteer een klant"
"Please Select a Store","Selecteer een winkel"
"Please define PDF object before using.","Definieer de PDF-object voor gebruik."
"Please enter positive number in this field.","Vul positief getal in dit veld in."
"Please specify a valid grid column alias name that exists in grid table.","Geef een geldige grid kolom alias naam die bestaat in de grid tabel."
"Price","Prijs"
"Print","Afdrukken"
"Print All","Alles afdrukken"
"Print All Invoices","Alle Facturen afdrukken"
"Print All Refunds","Alle Terugbetalingen afdrukken"
"Print All Shipments","Alle Verzendingen afdrukken"
"Print Credit Memos","Creditnota's adrukken"
"Print Invoice","Factuur afdrukken"
"Print Invoices","Facturen afdrukken"
"Print Order","Bestelling afdrukken"
"Print Order # %s","Bestelling #%s afdrukken"
"Print Packingslips","Pakketbonnen afdrukken"
"Print Refund","Terugbetaling afdrukken"
"Print Shipment","Zending afdrukken"
"Processing","Verwerken"
"Product","Product"
"Product Name","Productnaam"
"Products","Producten"
"Products Bestsellers Report","Bestsellers rapportage"
"Products in Comparison List","Producten in vergelijkingsoverzicht"
"Profile #%s","Profiel #%s"
"Profile Information","Profiel Informatie"
"Profile State","Profiel staat"
"Profit","Winst"
"Promotion Coupons Usage Report","Rapportage gebruik van promotie coupons"
"Proper payment object must be set.","Juiste betaling object moet worden vastgesteld."
"Purchased From","Gekocht bij"
"Purchased From (Store)","Gekocht van (winkel)"
"Purchased Item","Gekocht Artikel"
"Purchased On","Gekocht op"
"Qty","Aantal"
"Qty Invoiced","Aantal Gefactureerd"
"Qty Ordered","Aantal Bestelde"
"Qty Shipped","Aantal verzonden"
"Qty To Add","Aantal toe te voegen"
"Qty to Add","Aantal toe te voegen"
"Qty to Invoice","Aantal te factureren"
"Qty to Refund","Aantal terug te betalen"
"Qty to Ship","Aantal te verzenden"
"Quantity Ordered","Bestelde hoeveelheid"
"Rate","Tarief"
"Recent Orders","Recente bestellingen"
"Recently Compared Products","Recent vergeleken producten"
"Recently Viewed","Recent bekeken"
"Recently Viewed Products","Recent bekeken producten"
"Recurring Profile # %s","Terugkerend Profiel #%s"
"Recurring Profile Initial Fee","Terugkerend Profiel Initiële Fee"
"Recurring Profiles","Terugkerende Profielen"
"Recurring Profiles (beta)","Terugkerende Profielen (beta)"
"Reference ID","Referentie ID"
"Reference ID:","Referentie ID:"
"Refresh","Vernieuwen"
"Refund","Teruggave"
"Refund #","Teruggave #"
"Refund #%s","Teruggave #%s"
"Refund Amount","Terug te betalen bedrag"
"Refund Offline","Teruggave Offline"
"Refund Shipping","Teruggave Verzending"
"Refund Shipping (Excl. Tax)","Teruggave Verzending (excl. BTW)"
"Refund Shipping (Incl. Tax)","Teruggave Verzending (incl. BTW)"
"Refund Totals","Teruggave Totalen"
"Refunded","Terugbetaald"
"Refunded amount of %s offline.","Terugbetaalde bedrag van %s offline."
"Refunded amount of %s online.","Terugbetaalde bedrag van %s online."
"Refunds","Teruggaves"
"Registered a Void notification.","Notificatie van een nietig verklaring geregistreerd."
"Registered notification about approved payment.","Notificatie over goedgekeurde betaling geregistreerd."
"Registered notification about authorized amount of %s.","Notificatie over toegestane bedrag van %s geregistreerd."
"Registered notification about captured amount of %s.","Notificatie over gevangen bedrag van %s geregistreerd."
"Registered notification about denied payment.","Notificatie over afgewezen betaling geregistreerd."
"Registered notification about refunded amount of %s.","Notificatie over terugbetaalde bedrag van %s geregistreerd."
"Registered update about approved payment.","Update over goedgekeurde betaling geregistreerd."
"Regular Payment","Regelmatige Betaling"
"Related Orders","Verwante Betalingen"
"Remove","Verwijder"
"Remove Coupon Code","Verwijder Coupon Code"
"Remove tracking number","Verwijder volg-nummer"
"Reorder","Opnieuw bestellen"
"Retrieve invoice info","Ophalen factuur info"
"Retrieve invoice information","Ophalen factuur informatie"
"Retrieve list of invoices by filters","Haal lijst van facturen op door filters"
"Retrieve list of orders by filters","Haal lijst van orders op door filters"
"Retrieve list of shipments by filters","Haal lijst van zendingen op door filters"
"Retrieve order information","Ophalen bestelling informatie"
"Retrieve orders info","Ophalen bestelling info"
"Retrieve shipment info","Ophalen verzending info"
"Retrieve shipment information","Ophalen verzending informatie"
"Return to Stock","Terug naar voorraad"
"Returned","Teruggekeerde"
"Revenue","Inkomsten"
"Row Subtotal","Rij Subtotaal"
"Row Total","Rij Totaal"
"SHIP TO:","Verzenden naar:"
"SKU","SKU"
"SOLD TO:","Verkocht aan:"
"Sales","Verkoop"
"Sales Discount","Verkoop korting"
"Sales Emails","Verkoop e-mails"
"Sales Emails Section","Verkoop e-mails sectie"
"Sales Invoice Print View","Verkoopfactuur Afdruk View"
"Sales Items","Verkoop Items"
"Sales Order Print View","Verkoop Bestelling Afdruk View"
"Sales Section","Verkoop Afdeling"
"Sales Shipment Print View","Verkoop Zending Afdruk View"
"Sales Shipping","Verkoop Zending"
"Sales Tax","Verkoop BTW"
"Sales Total","Verkoop Totaal"
"Same As Billing Address","Zelfde als factuuradres"
"Save and Close Message","Opslaan en bericht sluiten"
"Save in address book","Opslaan in adresboek"
"Schedule","Schema"
"Select from existing customer addresses:","U kunt kiezen uit bestaande klant adressen:"
"Send Credit Memo Comment Email Copy To","Stuur creditnota Reactie E-mail Kopie naar"
"Send Credit Memo Email Copy To","Stuur creditnota E-mail Kopie naar"
"Send Email","E-mail verzenden"
"Send Invoice Comment Email Copy To","Stuur Factuur Reactie E-mail Kopie naar"
"Send Invoice Email Copy To","Stuur Factuur  E-mail Kopie naar"
"Send Order Comment Email Copy To","Stuur Bestelling Reactie E-mail Kopie naar"
"Send Order Email Copy Method","Stuur Bestelling E-mail Kopie methode"
"Send Order Email Copy To","Stuur Bestelling e-mail Kopie naar"
"Send Sales Emails","Stuur Verkoop E-mails"
"Send Shipment Comment Email Copy To","Stuur Zending Reactie E-mail Kopie naar"
"Send Shipment Email Copy To","Stuur Zending E-mail Kopie naar"
"Send Tracking Information","Stuur Volg Informatie"
"Set order for existing transactions not allowed","Stel bestelling voor bestaande transacties niet toegestaan in"
"Ship","Verzend"
"Ship To","Verzend naar"
"Ship to Name","Verzenden naar naam"
"Shipment","Levering"
"Shipment #","Leveringsnummer #"
"Shipment #%1$s | %3$s (%2$s)","Levering #%1$s |%3$s (%2$s)"
"Shipment #%s","Levering #%s"
"Shipment Comment Email Sender","Levering Reactie E-mail Afzender"
"Shipment Comment Email Template","Levering Reactie E-mail Template"
"Shipment Comment Email Template for Guest","Levering Reactie E-mail Template voor Gast"
"Shipment Comments","Levering Reacties"
"Shipment Email Sender","Levering E-mail verzender"
"Shipment Email Template","Levering E-mail Template"
"Shipment Email Template for Guest","Levering E-mail Template voor Gast"
"Shipment Update","Levering Update"
"Shipment Update for Guest","Levering Update voor Gast"
"Shipments","Leveringen"
"Shipped","Verzonden"
"Shipped By","Verzonden door"
"Shipping","Verzenden"
"Shipping & Handling","Verzenden & Behandelen"
"Shipping &amp; Handling","Verzenden &amp; Behandelen"
"Shipping &amp; Handling Information","Verzenden &amp; Behandelen Informatie"
"Shipping Address","Verzendadres"
"Shipping Amount","Verzendbedrag"
"Shipping Information","Verzend Informatie"
"Shipping Method","Verzend Methode"
"Shipping Method:","Verzend Methode:"
"Shipping Refund","Terugbetaling verzenden"
"Shipping and Tracking Information","Verzenden en Volgen informatie"
"Shopping Cart","Winkelwagen"
"Signed Up From","Ingeschreven Vanaf"
"Sku","SKU"
"Some of the products below do not have all the required options. Please remove them and add again with all the required options.","Sommige van de onderstaande producten hebben niet alle benodigde opties. Verwijder deze en voeg ze weer toe met alle benodigde opties."
"Sorry, no quotes are available for this order at this time.","Sorry, er zijn geen quotes beschikbaar voor deze bestelling op dit moment."
"Source object is not specified.","Bron object is niet gespecificeerd."
"Specified profile does not exist.","Opgegeven profiel bestaat niet."
"State/Province","Staat / Provincie"
"Status","Status"
"Status:","Status:"
"Store Credit","Winkel krediet"
"Submit Comment","Reactie verzenden"
"Submit Credit Memo","Creditnota verzenden"
"Submit Order","Bestelling verzenden"
"Submit Shipment","Zending verzenden"
"Subscribe to Newsletter","Abonneren op Nieuwsbrief"
"Subscribe to Order Status","Abonneren op Bestelling Status"
"Subtotal","Subtotaal"
"Subtotal after discount.","Subtotaal na korting."
"Subtotal:","Subtotaal:"
"Suspected Fraud","Verdacht van fraude"
"Suspend","Schorsen"
"Suspended","Geschorste"
"TAX/VAT Number","BTW/VAT-nummer"
"Tax","BTW"
"Tax Amount","BTW bedrag"
"Tax Percent","BTW Procent"
"Telephone","Telefoon"
"The Order State ""%s"" must not be set manually.","De Bestelling toestand ""%s"" mag niet handmatig worden ingesteld."
"The address total model should be extended from Mage_Sales_Model_Quote_Address_Total_Abstract.","Het adres totaal model moet worden uitgebreid van Mage_Sales_Model_Quote_Address_Total_Abstract."
"The billing agreement ""%s"" has been canceled.","De factureringsovereenkomst ""%s"" is geannuleerd."
"The billing agreement ""%s"" has been created.","De factureringsovereenkomst ""%s"" is gemaakt."
"The coupon code has been accepted.","De coupon code is geaccepteerd."
"The message has been sent.","Het bericht is verzonden."
"The message was sent.","Het bericht is verstuurd."
"The order email has been sent.","De bestellings e-mail is verzonden."
"The order has been cancelled.","De bestelling is geannuleerd."
"The order has been created.","De bestelling is gecreëerd."
"The order has been put on hold.","De bestelling is in de wacht gezet."
"The order has been released from holding status.","De bestelling is vrijgegeven uit de wachtstatus."
"The order has not been cancelled.","De bestelling is niet geannuleerd."
"The order was not put on hold.","De bestelling is niet in de wacht gezet."
"The order was not unheld.","De bestelling is niet uit de wacht gehaald."
"The order was placed using %s","De bestelling werd geplaatst met behulp van %s"
"The order(s) cannot be canceled","De bestelling(en) kunnen niet worden geannuleerd"
"The payment has been accepted.","De betaling is geaccepteerd."
"The payment has been denied.","De betaling is geweigerd."
"The payment has been voided.","De betaling is ongeldig."
"The profile has been updated.","Het profiel is bijgewerkt."
"The profile has no changes.","Het profiel heeft geen veranderingen."
"The profile state has been updated.","De profiel toestand is bijgewerkt."
"The requested Payment Method is not available.","De gevraagde betaalwijze is niet beschikbaar."
"The transaction ""%s"" (%s) is already closed.","De transactie ""%s"" (%s) is al gesloten."
"The transaction ""%s"" cannot be captured yet.","De transactie ""%s"" kan nog niet worden gevangen."
"There are no billing agreements yet.","Er zijn nog geen facturering overeenkomsten."
"There are no printable documents related to selected orders.","Er zijn geen afdrukbare documenten met betrekking tot geselecteerde bestellingen."
"There is no need to approve this payment.","Het is niet nodig om deze betaling goed te keuren."
"There is no need to deny this payment.","Het is niet nodig om deze betaling af te wijzen."
"There is no update for the payment.","Er is geen update voor de betaling."
"This message will be shown in shopping cart when subtotal after discount less than minimum amount.","Dit bericht zal worden getoond in het winkelmandje bij subtotaal na korting minder dan het minimum bedrag."
"This operation requires an existing transaction object.","Deze operatie vereist een bestaand transactie object."
"This order contains (%s) items and therefore cannot be edited through the admin interface at this time, if you wish to continue editing the (%s) items will be removed, the order will be canceled and a new order will be placed.","Deze bestelling bevat (%s) artikelen en kan daarom op dit moment niet worden bewerkt via de admin interface, als u het bewerken van de (%s) wilt vervolgen, dan zullen de artikelen worden verwijderd, wordt de bestelling geannuleerd en zal er een nieuwe bestelling geplaatst worden."
"This order no longer exists.","Deze bestelling bestaat niet meer."
"This profile state cannot be changed to ""%s"".","Deze profiel toestand kan niet worden gewijzigd in ""%s""."
"This will create an offline refund. To create an online refund, open an invoice and create credit memo for it. Do you wish to proceed?","Dit zal leiden tot een offline terugbetaling. Voor het maken van een online terugbetaling, opent u een factuur en maakt u er een creditnota voor. Wilt u doorgaan?"
"Tier Pricing","Rang Prijzen"
"Title","Titel"
"To","Naar"
"To Name","Naar Naam"
"To:","Naar:"
"Total","Totaal"
"Total %d product(s)","Totaal %d product(en)"
"Total (ex)","Totaal (excl.)"
"Total (inc)","Totaal (incl.)"
"Total Due","Totaal Verschuldigd"
"Total Invoiced","Totaal Gefactureerd"
"Total Invoiced Paid","Totaal Gefactureerde Betaald"
"Total Invoiced VS Paid Report","Totaal Gefactureerde tegenover Betaalde Verslag"
"Total Invoiced not Paid","Totale Gefactureerde niet betaald"
"Total Ordered Report","Totaal Bestelde Verslag"
"Total Paid","Totaal Betaalde"
"Total Qty","Totaal Aantal"
"Total Refund","Totaal Terug betaald"
"Total Refunded","Totaal Terugbetaalde"
"Total Refunded Report","Totaal Terugbetaalde Verslag"
"Total Sales Shipping","Totale Verkoop Zending"
"Total Shipped Report","Totaal Verzonden Verslag"
"Total Shipping","Totaal Verzonden"
"Total Shipping Charges","Totale Verzendkosten"
"Total Tax","Totale BTW"
"Track Order","Volg Bestelling"
"Track This Shipment","Volg deze zending"
"Track Your Order","Volg uw bestelling"
"Track all shipment(s)","Volg alle verzending(en)"
"Track all shipments","Volg alle verzendingen"
"Tracking","Volgen"
"Tracking Number","Volgnummer"
"Tracking Number(s):","Volgnummer(s):"
"Transaction ""%"s" was already processed.","Transactie ""%s"" is reeds verwerkt."
"Transaction ID","Transactie ID"
"Transaction ID must not be empty.","Transactie ID mag niet leeg zijn."
"Transaction ID: ""%s"".","Transactie ID: ""%s""."
"Transaction Type","Transactie Type"
"Transactions","Transacties"
"Trial","Proef"
"Trial Payment","Proef Betaling"
"Trial Period","Proefperiode"
"Trial period payment","Proefperiode betaling"
"Unhold","Uit de wacht halen"
"Unhold action is not available.","Uit de wacht halen actie is niet beschikbaar."
"Unhold order","Bestelling uit de wacht halen"
"Unknown State","Onbekende Toestand"
"Unknown Status","Onbekende Status"
"Unsupported transaction type ""%s"".","Niet-ondersteund transactie type ""%s""."
"Update Changes","Update Wijzigingen"
"Update Items and Qty\'s","Update Items en Aantallen"
"Update Qty\'s","Update Aantallen"
"Updated At","Bijgewerkt Op"
"Updated:","Bijgewerkt:"
"Use Aggregated Data (beta)","Gebruik de geaggregeerde gegevens (beta)"
"Validate Each Address Separately in Multi-address Checkout","Bevestig elk adres apart in Meerdere Adressen Kassa"
"Value","Waarde"
"View","Bekijk"
"View All","Alles bekijken"
"View Order","Bestelling bekijken"
"Visible on Frontend","Zichtbaar in Frontend"
"Void","Nietig verklaren"
"Void invoice","Verklaar Factuur nietig"
"Voided authorization.","Nietig verklaarde autorisatie."
"Website","Website"
"Whether buyer can define the date when billing for the profile begins.","Of koper de datum kan bepalen  waarop de facturering voor het profiel begint."
"Wishlist","Verlanglijst"
"Wrong billing agreement ID specified.","Verkeerde factureringsovereenkomst ID opgegeven."
"Wrong state: ""%s"".","Verkeerde toestand: ""%s""."
"Yes","Ja"
"You have placed no orders.","U heeft geen bestellingen geplaatst."
"You will be redirected to the payment system website.","U wordt doorgestuurd naar de betalingssysteem website."
"Your credit card will be charged for","Uw credit card wordt belast voor"
"ZIP/Post Code","ZIP/Postcode"
"the credit memo email is not sent","de creditnota e-mail is niet verzonden"
"the credit memo email was sent","de creditnota e-mail is verzonden"
"the invoice email is not sent","de factuur e-mail is niet verzonden"
"the invoice email was sent","de factuur e-mail is verzonden"
"the order confirmation email is not sent","de bestellingbevestiging e-mail is niet verzonden"
"the order confirmation email was sent","de bestellingbevestiging e-mail is verzonden"
"the shipment email is not sent","de verzending e-mail is niet verzonden"
"the shipment email was sent","de verzending e-mail is verzonden"